"Weed, Pest & Disease Control",,,
"",‚ÄùOrganic Pest Control",,
"","Organic Disease Control",,
"","Organic Animal Control",,
"","Beneficial Insects",,
"","Organic Weed Control",,
"Growing Essentials",,,
"","Garden Tools",,
"","Measuring / Pouring",,
"","Pots / Containers / Saucers",,
"","Garden Decor",,
"Health & Wellness",,,
"","Drinking Water",,
"","Foodstuff",,
"Composting",,,
"","Composters",,
"","Compost Tea",,
"","","Compost Tea Inputs",
"","","Compost Tea Accessories",
"","","Compost Tea Kits",
"","Worms",,
"","Composting Accessories",,
"Water & Irrigation",,,
"","Water Treatment",,
"","Sprayers",,
"","Drip Irrigation",,
"","Rain Barrels",,
"","Irrigation Timers",,
"","Filtration",,
"","Accessories and Parts",,
"","Pumps",,
"Vortex Tea Brewers",,,
"Organic Gardening",,,
"","Plant Conditioners",,
"","Safety Equipment ",,
"","Soil & Growing Media",,
"","Fertilizers",,
"","Container Systems",,
"","Stimulators",,
"","Pest Control",,
"","Disease Control",,
"","Weed Control",,
"","Organic Accessories",,
"Hydroponic Gardening",,,
"","Growing Media",,
"","Hydroponic Systems",,
"","Fertilizers",,
"","Stimulators",,
"","Pest Control",,
"","Disease Control",,
"","pH & PPM",,
"","Pumps",,
"","Parts",,
"","Hydroponic Accessories",,
"Indoor Growing",,,
"","Environmental Controls",,
"","","Climate Controllers",
"","","Ventilation / Ducting",
"","","Fans",
"","","Odor Control",
"","","Timers",
"","CO2 Production",,
"","Reflective & Greenhouse Films",,
"","AC Units, Dehumidifiers & Humidifiers",,
"","Grow Tents",,
"","Grow Lights",,
"","","Reflectors",
"","","Ballasts",
"","","HID Lamps",
"","","","MH Lamps"
"","","","HPS Lamps"
"","","Fluorescent Lighting",
"","","Lamps",
"","","Light Movers & Hangers",
"","","Lighting Components",
"","","Complete Systems",
"","Indoor Accessories",,
"","Air Purification",,
"Plants, Propagation & Seed",,,
"","Propagation Accessories",,
"","Organic Seed",,
"","Seed Starting",,
"","Starting Clones",,
"","Wheatgrass & Sprouting",,
"","Plants",,
"","Health Supplements",,
"","Starting Seeds",,
"","Organic Seeds",,
"Complete Growing Kits",,,
"","Compost Tea Brewing",,
"","Container Gardening",,
"","Urban Farming",,
"","Soil Growing",,
"","Hydroponic Growing",,
"","Composting & Worms",,
"","Seed Starting & Cloning",,
"","Complete Lighting Systems",,
"","Natural Lawn Care",,
"","Indoor Growing",,
"Natural Lawn Care",,,
"","Soil Testing",,
"","Fertilizers",,
"","Pest Control",,
"","Disease Control",,
"","Lawn Tools & Accessories",,
"","Weed Control",,
"Homesteading",,,
"","Birds",,
"","Livestock",,
"","Sprouting & Juicing",,
"","Canning",,
"","Chickens",,
"","Beer & Wine Making",,
"","Wine Supplies",,
"","Food Storage",,
"","Bees",,
"","Zombie Survival",,
"Fertilize Your Mind",,,
"","DVD",,
"","Planting Calendars",,
"","Books",,
"PG Gear",,,
"Coming soon!",,,
"Specials",,,
"Gift Certificates",,,
"Ebooks, Videos and Digital Products",,,
"","eBooks",,
"","Videos",,
